<?xml version="1.0" encoding="UTF-8"?>
<project-private xmlns="http://www.netbeans.org/ns/project-private/1">
    <editor-bookmarks xmlns="http://www.netbeans.org/ns/editor-bookmarks/2" lastBookmarkId="0"/>
    <open-files xmlns="http://www.netbeans.org/ns/projectui-open-files/2">
        <group>
            <file>file:/D:/code/JAVA/2280603224_NguyenDucTien_buoi3/src/bai3/Demo3.java</file>
            <file>file:/D:/code/JAVA/2280603224_NguyenDucTien_buoi3/src/bai1/Demo1.java</file>
            <file>file:/D:/code/JAVA/2280603224_NguyenDucTien_buoi3/src/bai2/Demo2.java</file>
        </group>
    </open-files>
</project-private>
